Time (s),CPU Load (%)
0,0.0
1,17.365463693167015
2,11.723394139133951
3,9.135626823235066
4,9.26335678066988
5,7.147257816419675
6,10.851793468585191
7,9.594418785492557
8,6.747299475965692
