Time (s),CPU Load (%)
0,0.0
1,16.790630439289394
2,11.628402040823126
3,11.4718076021733
4,11.029491860897433
5,7.50572377122799
6,8.769976380138479
7,11.23466860310557
8,9.039006841861525
