Time (s),CPU Load (%)
0,0.0
1,15.718006018457546
2,12.916118318716364
3,10.397472980959003
4,8.962689395989436
5,7.400518715569462
6,11.608952895115163
7,11.525693618116875
8,7.109833089201144
