Time (s),CPU Load (%)
0,0.0
1,15.600408605523244
2,14.040928557200884
3,10.002009611517819
4,8.825775204769094
5,7.045874964792962
6,8.369958959829145
7,11.038957949804894
8,9.710732371216318
