Time (s),CPU Load (%)
0,0.0
1,14.719878465063427
2,14.758982913990934
3,12.213082387879927
4,10.29824635537043
5,9.756170106651764
6,8.30413188384528
7,9.382887075750938
8,7.358709889322717
