Time (s),CPU Load (%)
0,0.0
1,15.415982158888282
2,14.136778699650678
3,9.148157651358408
4,10.702316220293664
5,8.544205655024856
6,10.733050001280512
7,9.563813043903803
8,10.128859843345387
