Time (s),CPU Load (%)
0,0.0
1,16.402444859309675
2,14.682324514573708
3,11.147505398408379
4,11.232854472154205
5,7.808587134537184
6,9.948481556138216
7,8.891563508080303
8,9.230557266553017
9,10.93344606946933
