Time (s),CPU Load (%)
0,0.0
1,17.157655791921847
2,14.326852812638876
3,10.43091789903412
4,8.6143390151378
5,8.6921678607567
6,11.63766144103781
7,8.824686988405343
8,7.730886366193425
