Time (s),CPU Load (%)
0,0.0
1,16.0693678042809
2,11.734519885669448
3,11.329769041042585
4,8.897387936078863
5,7.783618358590318
6,9.21759297486224
7,11.49483714004357
8,9.107460960630632
