Time (s),CPU Load (%)
0,0.0
1,23.753007261075016
2,16.732359476623312
3,13.781004416105489
4,17.53217944514924
5,13.589595271652646
6,12.974170975231878
7,16.265501279308253
8,14.628837950774425
9,11.452417683369774
