Time (s),CPU Load (%)
0,0.0
1,26.45637795413583
2,14.803045678819123
3,13.055178846588529
4,17.985547614334703
5,14.027295628652318
6,14.515143544046179
7,18.956142543336526
8,11.978433524579106
9,15.339956958539599
