Time (s),CPU Load (%)
0,0.0
1,23.572233876795117
2,12.889841907213029
3,14.57048152422506
4,17.647497596314928
5,17.15787757837477
6,15.652393330695519
7,14.96996411628289
8,15.190187471009054
9,13.97910130009273
