Time (s),CPU Load (%)
0,0.0
1,25.87099080947679
2,14.391357071998163
3,16.176791598920794
4,17.4514922144717
5,15.5716877051635
6,11.734483563744444
7,15.069645970034502
8,14.193551339230241
9,14.651940427412892
