Time (s),CPU Load (%)
0,0.0
1,23.754189999386536
2,15.228086041016953
3,14.596245721666062
4,15.448310949985471
5,14.955815518371477
6,13.683594894107992
7,16.15250444928453
8,12.625205938737487
9,15.629871305733761
