Time (s),CPU Load (%)
0,0.0
1,23.47005018475483
2,15.469332337884794
3,13.721537803833925
4,15.062785546318183
5,15.86956555390893
6,15.96293139334915
7,19.018611066994286
8,12.226333292950399
9,12.716180584605317
