Time (s),CPU Load (%)
0,0.0
1,25.777134047562534
2,14.144454700766946
3,14.050739297084615
4,18.133950497069932
5,17.32179142244032
6,13.661981206641853
7,17.910616416080867
8,11.930345691012892
9,15.695893574206394
