Time (s),CPU Load (%)
0,0.0
1,25.375177466746983
2,16.06714195282742
3,13.603059600112386
4,17.26278904914562
5,17.289075620781084
6,14.225323200093547
7,18.561912718466868
8,12.242482086876581
9,12.76348316531857
