Time (s),CPU Load (%)
0,0.0
1,23.559599446090896
2,14.214109992529282
3,13.860836399059307
4,17.796662068995147
5,17.449752158508453
6,11.847742827692132
7,14.37004209519528
8,14.821939356206464
9,15.225524057439806
