Time (s),CPU Load (%)
0,0.0
1,22.388059701492537
2,12.85892634207241
3,11.235955056179774
4,13.408521303258144
5,12.734082397003746
6,10.95890410958904
7,14.357053682896378
8,11.45703611457036
9,10.972568578553615
