Time (s),CPU Load (%)
0,0.0
1,11.471321695760599
2,10.012515644555695
3,11.442786069651742
4,9.226932668329177
5,10.585305105853053
6,10.723192019950124
7,10.211706102117061
8,7.490636704119851
