Time (s),CPU Load (%)
0,0.0
1,14.14267834793492
2,11.29032258064516
3,9.011264080100124
4,8.104738154613466
5,7.008760951188986
6,8.104738154613466
7,7.960199004975125
8,6.60024906600249
