Time (s),CPU Load (%)
0,0.0
1,10.736579275905118
2,9.159347553324968
3,8.6848635235732
4,8.603491271820449
5,7.740324594257178
6,9.125
7,8.426270136307311
8,5.236907730673317
