Time (s),CPU Load (%)
0,0.0
1,11.428571428571429
2,8.260325406758447
3,8.782936010037641
4,9.21544209215442
5,7.930607187112764
6,7.249999999999999
7,8.239700374531834
8,6.483790523690773
