Time (s),CPU Load (%)
0,0.0
1,33.387583104866
2,34.886233717907686
3,35.163848796921
4,32.42229573953684
5,31.64767712448846
6,30.084657084562593
7,33.997329723908166
8,32.06871410417155
9,31.282091263379996
