Time (s),CPU Load (%)
0,0.0
1,2.8785982478097623
2,2.977667493796526
3,2.6119402985074625
4,2.981366459627329
5,3.6249999999999996
