Time (s),CPU Load (%)
0,0.0
1,16.541353383458645
2,12.173913043478262
3,10.375
4,9.912170639899625
5,10.820895522388058
6,11.4321608040201
7,10.062111801242237
8,9.51188986232791
9,10.0
10,8.468244084682441
11,9.58904109589041
12,8.875
13,8.030112923462985
14,8.34371108343711
15,8.521303258145362
16,9.06832298136646
17,8.3645443196005
18,0.7453416149068323
19,3.4912718204488775
