Time (s),CPU Load (%)
0,0.0
1,19.50240011870267
2,11.855717423111114
3,9.468684920156907
4,13.48117169212106
5,11.046562078193102
6,14.108333434145951
7,11.260253259079525
8,12.518719152126307
9,11.711923231824365
10,5.922443505259498
