Time (s),CPU Load (%)
0,0.0
1,16.91542288557214
2,10.224438902743142
3,9.375
4,10.656753407682777
5,8.98876404494382
6,10.598503740648379
7,10.625
8,10.186335403726709
9,9.0
10,3.094059405940594
