Time (s),CPU Load (%)
0,0.0
1,19.080013898639265
2,10.373540673603795
3,9.922459297320321
4,13.822431618997642
5,11.114957563941612
6,14.304699922986412
7,12.59894388542398
8,14.258172660831523
9,11.39625467692105
10,5.057272766267286
