Time (s),CPU Load (%)
0,0.0
1,17.45793277151181
2,10.890417893688964
3,12.173561759909836
4,14.445088029957041
5,12.604124058502077
6,11.585291485757738
7,12.285260666147824
8,11.049242074143006
9,10.619078079617324
10,6.445245345719679
