Time (s),CPU Load (%)
0,0.0
1,18.18987886177418
2,14.10710276016284
3,11.464560702940691
4,11.061360015478817
5,11.946828623437835
6,11.680013960915172
7,14.149338507475491
8,13.498926737441945
9,9.121637479203294
10,6.980105225752325
