Time (s),CPU Load (%)
0,0.0
1,19.988822405662603
2,13.509241368205577
3,11.330009135230554
4,11.718457274044255
5,11.116408458563098
6,11.76452766535122
7,13.010654653691049
8,14.105815900902066
9,9.975331639989847
10,3.249029617370458
