Time (s),CPU Load (%)
0,0.0
1,18.477860902415745
2,10.592848283722315
3,10.015937507908685
4,11.701193754455998
5,9.595559337976834
6,14.621082934373238
7,14.771874695665119
8,11.38380115113671
9,10.91449099102713
10,4.638025296803701
