Time (s),CPU Load (%)
0,0.0
1,20.770937484504653
2,10.780850272074106
3,12.358921246771821
4,12.831228093095115
5,11.632877992543076
6,11.567231615817128
7,12.012742727646256
8,12.55005126791136
9,12.195536614647178
10,7.162582458419237
