Time (s),CPU Load (%)
0,0.0
1,20.157484315149848
2,13.625706713601954
3,9.758514009968025
4,12.280181746303821
5,10.457163086830688
6,12.59912738295514
7,10.880437037990564
8,14.207429119058265
9,11.025561386483936
10,6.133843769208248
