Time (s),CPU Load (%)
0,0.0
1,18.724334223040366
2,11.835120044088063
3,11.612919432509276
4,12.879663092493736
5,12.190885885396902
6,11.03527966874852
7,13.614372419742132
8,12.677851853776334
9,9.856246104367896
10,6.373090877311654
