Time (s),CPU Load (%)
0,0.0
1,12.68568552920426
2,11.342952560553092
3,12.553132270657027
4,10.497396875898083
5,13.135982234109878
6,11.650202285016785
7,10.621352985114038
8,7.499020482768396
