Time (s),CPU Load (%)
0,0.0
1,13.855701013772578
2,12.88873623338418
3,13.821714374510133
4,11.305027896411335
5,12.575796458442811
6,11.509900814970907
7,10.782299534362048
8,10.705103410861975
