Time (s),CPU Load (%)
0,0.0
1,11.540015456748025
2,10.330075907734606
3,11.871727903441949
4,9.645814024830859
5,11.837070694550123
6,11.915485456839669
7,13.243791864571845
8,10.26026228804022
