Time (s),CPU Load (%)
0,0.0
1,14.693807263829004
2,12.492169902622276
3,13.704380766303753
4,10.464422930382613
5,12.008604712697439
6,12.634066688183538
7,10.746642406662618
8,10.507903959436778
