Time (s),CPU Load (%)
0,0.0
1,13.719875902096376
2,11.068964521184546
3,13.68157955555362
4,9.25055814434014
5,11.176334527927466
6,13.832332877331531
7,11.102817855835585
8,7.758399609379405
