Time (s),CPU Load (%)
0,0.0
1,14.807114377509636
2,11.890100361207377
3,14.412909031316252
4,9.627846094502083
5,12.95122191174884
6,13.561781312248105
7,10.938958306912482
8,9.103808970565177
