Time (s),CPU Load (%)
0,0.0
1,14.081119610366162
2,11.818564076808416
3,13.258075197610633
4,12.556329709552504
5,13.872114042931061
6,10.947178966777736
7,12.491915944031373
8,9.707863768138267
