Time (s),CPU Load (%)
0,0.0
1,13.195681585989476
2,10.368566174797378
3,13.979191063286716
4,9.2873582547234
5,10.777602623886459
6,11.558316701292663
7,12.925533625675286
8,9.86667756197205
