Time (s),CPU Load (%)
0,0.0
1,12.81996588374198
2,13.107946633450155
3,13.795556484132407
4,11.787658420764233
5,11.353892968071124
6,11.05756056583772
7,12.52335797011282
8,10.555000008755911
