Time (s),CPU Load (%)
0,0.0
1,8.966376089663761
2,3.879849812265332
3,89.52618453865337
4,41.95544554455445
5,7.259073842302878
6,6.226650062266501
7,9.541511771995044
8,8.657465495608532
9,12.891113892365457
10,82.33830845771143
11,75.09293680297398
12,89.27680798004988
13,90.35087719298247
14,80.12422360248446
15,82.77153558052434
16,74.87562189054727
17,89.9497487437186
18,94.91315136476427
19,81.44458281444584
20,78.41907151819323
21,43.83561643835616
22,3.101736972704715
