Time (s),CPU Load (%)
0,0.0
1,19.042330852185053
2,11.385803839950835
3,13.458984080513977
4,16.1151597602323
5,8.527147223406013
6,4.246859410736136
7,13.58719522974543
8,9.594906375244461
9,13.397802362201867
