Time (s),CPU Load (%)
0,0.0
1,18.05728518057285
2,8.333333333333332
3,9.51188986232791
4,11.845386533665836
5,8.114856429463172
6,3.379224030037547
7,9.476309226932669
8,9.464508094645081
9,10.611735330836455
