Time (s),CPU Load (%)
0,0.0
1,18.30372181102372
2,9.579664972965174
3,13.666977597257414
4,16.129554269065476
5,8.499110276749173
6,5.677415675723644
7,12.184993733208248
8,12.44898465059787
9,14.000275439590208
