Time (s),CPU Load (%)
0,0.0
1,19.93721200652026
2,11.806315077565927
3,9.554235148506482
4,15.210003161004895
5,11.902804823854627
6,4.080632027480538
7,12.877090324890098
8,10.695688085507083
9,13.724712551708526
