Time (s),CPU Load (%)
0,0.0
1,21.785725724808806
2,9.794292936449299
3,10.73545323919257
4,16.383691603598802
5,10.30687862905165
6,4.7627439497661195
7,10.372290100312703
8,13.273718648613288
9,11.12963285051279
