Time (s),CPU Load (%)
0,0.0
1,19.28907034138229
2,10.866526594107953
3,11.21767112237838
4,15.082226503597763
5,12.428036115366421
6,7.347283668353464
7,11.813547579445153
8,10.617397913018982
9,11.41611226432335
