Time (s),CPU Load (%)
0,0.0
1,21.26421744096749
2,12.188601056538616
3,12.65920721219522
4,12.924344626491306
5,12.504144947160652
6,4.836780456689473
7,10.249026965545674
8,12.617628351208628
9,12.48950530627559
