Time (s),CPU Load (%)
0,0.0
1,18.117036460579865
2,12.563207738852277
3,11.277011452701414
4,12.656959976399333
5,12.176556064648114
6,5.4757581912696045
7,10.394286708382293
8,12.465744614246962
9,13.408699600331012
