Time (s),CPU Load (%)
0,0.0
1,18.59602257932134
2,10.590465058698273
3,10.93854019373761
4,13.742757762818112
5,10.331823642026498
6,5.690463118903524
7,11.516489256567597
8,11.609119156635819
9,14.348140353204625
