Time (s),CPU Load (%)
0,0.0
1,20.772573722902877
2,11.617227110144288
3,9.58048305489117
4,14.355047047556994
5,10.725649051822773
6,7.589517120915259
7,13.246766612684564
8,11.610270118064426
9,15.062144813523723
