Time (s),CPU Load (%)
0,0.0
1,17.192866556411275
2,25.097620777567403
3,104.72501948537796
4,48.33284140158963
5,15.569213952705901
6,9.088607044765475
7,19.84125570916015
8,40.67146087228968
9,13.548657327896656
10,98.51401289962435
11,112.09786232392827
12,120.03429178692694
13,126.65652087668482
14,108.51579594194996
15,110.81230046648774
16,93.06941187939799
17,95.48817396919694
18,121.82830371519088
19,110.91291631291661
20,105.8852244772436
21,47.169958747431004
22,20.04540930725612
