Time (s),CPU Load (%)
0,0.0
1,41.28810624484525
2,38.981800651033915
3,114.85572303467559
4,51.86752472384104
5,25.52697528648498
6,10.184173323367807
7,11.090523178172017
8,19.456519537839483
9,20.513001534738535
10,82.92407833515948
11,77.59362982498568
12,120.49548664258698
13,123.35035718359882
14,94.67185970689033
15,88.51514047710799
16,110.12007780160943
17,98.38090691001152
18,118.7308846325306
19,116.14245230265556
20,88.95016447330379
21,66.68015355398504
22,7.8346252594752634
