Time (s),CPU Load (%)
0,0.0
1,13.485457552828255
2,29.94992902229245
3,92.38584389529517
4,55.60438216184944
5,11.171725216059622
6,42.687291481979685
7,21.248426416048346
8,33.16044854921917
9,48.96017780414785
10,108.16106804032714
11,78.91808579384946
12,99.70508023882508
13,120.89680995183123
14,84.98325766648739
15,85.72374573557948
16,97.59875200828837
17,117.04375220653048
18,121.82450992018846
19,101.14085268444299
20,88.15842782747512
21,78.07514109975821
22,35.04055708214532
