Time (s),CPU Load (%)
0,0.0
1,35.67032387278232
2,7.85000172059718
3,89.79075419127535
4,73.08588869030046
5,31.884363674541383
6,39.56961803284025
7,9.964944586204487
8,31.089638998853992
9,21.235997979125997
10,114.55690974191407
11,99.91319472234808
12,109.4404026587463
13,107.36249622777102
14,81.39680207535015
15,94.49345972576583
16,93.98251143178285
17,123.61813644225978
18,105.87349317221168
19,86.6308071562149
20,82.44547316323776
21,64.71329560367019
22,31.34980019635102
