Time (s),CPU Load (%)
0,0.0
1,14.146200814747736
2,32.28582921969143
3,107.62616595438568
4,43.943845436929045
5,24.779311424920433
6,29.206417063490992
7,38.44361030694036
8,27.302215929681736
9,19.127965786894663
10,89.54046429868389
11,106.55407598570332
12,104.439704563425
13,109.00701571682147
14,96.54926455633607
15,91.70187374411721
16,87.38303299336962
17,107.47511429792084
18,97.10091500908327
19,88.105815651506
20,109.40516805021953
21,78.39573140193554
22,25.65632196764944
