Time (s),CPU Load (%)
0,0.0
1,39.15260522836532
2,30.211552303418628
3,98.6088055824709
4,48.53110596012703
5,12.97986425011472
6,29.00184830156906
7,43.40851083715167
8,33.596105563335854
9,20.84257667588199
10,100.45505296035194
11,94.29356566318106
12,101.75867742338092
13,113.43966310122546
14,85.62289390019536
15,107.76381170452908
16,109.49204325405175
17,117.68798553953798
18,105.41133323255283
19,111.39956116864545
20,96.78476458445354
21,64.74308386953795
22,10.494700608091733
