Time (s),CPU Load (%)
0,0.0
1,43.78578697442611
2,10.821299452073543
3,109.92382240046352
4,51.67865862843735
5,27.236828136269338
6,14.927355384956618
7,12.498857176170748
8,11.824213190411093
9,12.969570625974017
10,92.84915959230946
11,102.03676088138255
12,113.49247701377183
13,90.9002322273117
14,85.22149451221652
15,97.45957217665915
16,95.86434736559107
17,93.33323159888054
18,106.63881925472336
19,83.41883573490091
20,79.05317220257666
21,68.16423412005578
22,9.339731299222665
