Time (s),CPU Load (%)
0,0.0
1,34.667008089969556
2,18.90352489123926
3,99.10835460704601
4,57.174017190521205
5,28.623072166070127
6,9.494581142952136
7,19.162525465024178
8,26.36312476503342
9,41.17469962572177
10,84.92499686929524
11,88.86646582044119
12,112.71529884895459
13,103.2491018942637
14,86.75847033247395
15,98.82112852794819
16,109.74016399622184
17,125.32643196962962
18,117.2543351686108
19,91.02374150616721
20,113.62641729210912
21,80.11703941788005
22,34.3804483298105
