Time (s),CPU Load (%)
0,0.0
1,32.35491781399124
2,31.080181805233448
3,91.00452169286052
4,66.18751496837582
5,27.328207597755608
6,32.4967675758098
7,19.365186557903947
8,18.51447667551689
9,38.621281831006016
10,114.77864199608773
11,105.1943620727048
12,107.80148626571076
13,103.57583183841916
14,99.09785695292098
15,111.92910417022992
16,95.51870189177963
17,100.33408563012136
18,107.20213169599579
19,111.26213809300543
20,81.18121403871763
21,68.85742522178982
22,32.818446223024694
