Time (s),CPU Load (%)
0,0.0
1,8.336311819280528
2,0.9009577678326743
3,6.541145713170392
4,26.63526595957207
5,12.647666534237935
6,13.69334946443621
7,12.586772255115948
8,14.946133214149738
9,13.61083868856259
10,21.244026001570855
11,10.852891549020963
12,12.310492853088112
13,14.639678574113098
14,12.474492236553242
