Time (s),CPU Load (%)
0,0.0
1,2.9925187032418954
2,0.8750000000000001
3,0.9987515605493134
4,24.064837905236907
5,11.567164179104477
6,11.417816813048933
7,11.677018633540373
8,11.235955056179774
9,12.468827930174564
10,16.209476309226932
11,10.651629072681704
12,9.950248756218906
13,9.351620947630924
14,8.114856429463172
