Time (s),CPU Load (%)
0,0.0
1,7.3242544530770255
2,5.519488777562812
3,4.171077682833801
4,26.625316620640067
5,15.21664964792682
6,14.74339682167129
7,11.718305582274178
8,15.755107361600167
9,12.623029363583223
10,16.7218734232174
11,16.48202883727056
12,13.244236942407491
13,14.835500571596585
14,8.71052026381337
15,14.540899274315134
