Time (s),CPU Load (%)
0,0.0
1,5.910756854284808
2,3.4192814120657604
3,3.4179026285372114
4,26.721677621784803
5,12.921500328911414
6,16.696848999156916
7,13.579603647362944
8,15.925220931975048
9,12.822397619298147
10,17.649593030975378
11,12.31606440267942
12,12.0159280915618
13,10.526426376208072
14,10.873041417049475
15,15.443234297541851
