Time (s),CPU Load (%)
0,0.0
1,6.984640957427622
2,1.648806465052687
3,5.377269103047286
4,24.89109064927342
5,17.656018631974337
6,13.719961102626506
7,12.966733262793024
8,13.72329217145803
9,16.434290410327936
10,16.625136682215103
11,16.34351383799355
12,10.267870691609277
13,11.488643792105007
14,11.93610630682511
