Time (s),CPU Load (%)
0,0.0
1,5.110690303145677
2,6.999407256202207
3,2.468510300871385
4,26.455230513620158
5,14.692870970738117
6,11.784186055138482
7,14.933224197081902
8,12.53494384371533
9,15.411507993747156
10,18.10849248050437
11,15.129084292238366
12,11.78588771393682
13,14.680776951741418
14,10.283820396161653
15,11.974352050936579
