Time (s),CPU Load (%)
0,0.0
1,5.047950652470443
2,5.87764623028919
3,5.83915769445996
4,30.00976892915634
5,11.642370887171632
6,14.669454670235583
7,12.980365734270123
8,13.179644955153957
9,17.28693011711698
10,18.54088741575683
11,13.869056414860559
12,10.394555892245782
13,15.334511564836896
14,12.077828248923733
15,10.21844984228829
