Time (s),CPU Load (%)
0,0.0
1,5.603360528552841
2,6.174510551191035
3,2.111748080270757
4,29.74130645982332
5,12.069262425334827
6,12.78850379566896
7,16.32807065396736
8,17.145834273549692
9,17.961502539781804
10,19.168202829865507
11,13.130201869022669
12,11.379564841828474
13,11.132724376637443
14,9.468289493250385
