Time (s),CPU Load (%)
0,0.0
1,6.118624798071243
2,3.873977493158022
3,1.0744320207906597
4,24.809998131193208
5,17.515617577279496
6,15.777290355352665
7,16.30906086089981
8,16.356624953750547
9,16.19946121921243
10,20.06530404447716
11,16.571044233487633
12,15.794107454385042
13,11.343044201632642
14,11.153213724947125
