Time (s),CPU Load (%)
0,0.0
1,9.099447545772565
2,3.016639810082946
3,1.2361970102237017
4,24.58736969309411
5,13.260761843446792
6,16.839205334225287
7,15.134902739012198
8,14.013799595482107
9,16.616689935314625
10,18.99245424574529
11,14.931274158602376
12,14.802637429689746
13,11.53860636993012
14,11.04845072536286
15,10.566692525772066
