Time (s),CPU Load (%)
0,0.0
1,12.686958527574994
2,8.555681642904682
3,10.323701087743958
4,9.91767289189914
5,10.12969576669668
6,9.997426812108449
7,10.296290417931196
8,7.722018857173657
