Time (s),CPU Load (%)
0,0.0
1,13.724677205089064
2,10.192494604023446
3,9.376533687234923
4,9.2636255400222
5,9.509075919098033
6,7.872742625784451
7,8.45786882667123
8,7.04913553636224
9,9.27789390659561
