Time (s),CPU Load (%)
0,0.0
1,12.871813817125663
2,8.283910909377605
3,8.978566636074067
4,9.733279163308048
5,8.89578381445546
6,9.666627752283471
7,9.335132972881574
8,8.308352897334212
