Time (s),CPU Load (%)
0,0.0
1,13.31397205304974
2,8.392904863368202
3,8.973393179662855
4,11.024284139543438
5,8.23061658615129
6,8.34278060997624
7,10.077963353143087
8,8.613614199523681
