Time (s),CPU Load (%)
0,0.0
1,13.542621202512787
2,9.394623727449314
3,11.333399445605847
4,10.919176456005289
5,9.518998650042313
6,9.7987075198528
7,10.994498555687127
8,8.085778825503795
