Time (s),CPU Load (%)
0,0.0
1,12.2767250142677
2,10.247746508177745
3,9.109821094470002
4,11.135175329070822
5,10.170297073549651
6,7.730446487276055
7,11.008354720738025
8,7.538495531103152
