Time (s),CPU Load (%)
0,0.0
1,14.207849260391528
2,11.137982063889282
3,9.445482328401733
4,11.766340833462689
5,10.468603021764906
6,9.39153925011509
7,8.910173930921989
8,7.073916066218124
