Time (s),CPU Load (%)
0,0.0
1,13.832666154153781
2,8.741073402603618
3,9.765801496458554
4,9.51580816365728
5,9.492102111786135
6,9.8710066163163
7,8.403926076804881
8,7.22224052057937
