Time (s),CPU Load (%)
0,0.0
1,12.80577523406631
2,9.735230752972054
3,8.917685421361456
4,10.06752546137232
5,8.098414052953414
6,8.165088235392298
7,9.874047439123476
8,9.052680868683403
