Time (s),CPU Load (%)
0,0.0
1,17.71236903278021
2,14.036864992626317
3,11.185281729550166
4,11.27744018977744
5,11.404176123685383
6,14.297301747612357
7,12.154685041762587
8,11.028122028906322
9,13.107719382097347
10,11.928736427297153
11,11.744011295156005
12,9.466256911544896
13,8.309614325286407
14,10.147885972174764
15,10.967461069120594
16,9.850738102021753
17,8.727834887269754
18,2.8740433532172074
19,6.475923095130213
20,12.199729806478022
