Time (s),CPU Load (%)
0,0.0
1,19.577072134203814
2,15.161972606630561
3,12.423334693754626
4,11.236687380621175
5,11.03892506834287
6,14.578888463035964
7,13.526576560876872
8,11.396588102133943
9,13.301353173969948
10,9.733407902592091
11,9.69994582293357
12,10.752849852759848
13,8.947978808873206
14,11.543422568419075
15,9.469161214351631
16,9.466069361717976
17,10.819526689319959
18,4.280676474794883
19,5.794681191451943
20,9.002040062670135
