Time (s),CPU Load (%)
0,0.0
1,18.990302853129403
2,14.047694979868767
3,12.688054403631519
4,12.707843635519362
5,12.678335218874732
6,12.702478308182705
7,10.650770059795775
8,11.06590841259542
9,10.959200918099846
10,10.85108440229376
11,12.201988895317871
12,10.519916439499193
13,9.573779078595889
14,11.190437565551523
15,11.676018678079654
16,10.223795527307445
17,9.120822389300676
18,3.56110763882157
19,3.8797838862757237
20,10.627504377665687
