Time (s),CPU Load (%)
0,0.0
1,18.56018532886828
2,13.438252898281162
3,13.596615335556725
4,12.50014736824166
5,12.08081256373022
6,12.358599215105977
7,12.402259051139888
8,11.741344569504248
9,13.091219364648051
10,10.02573388047155
11,12.479079618159254
12,10.107138952941641
13,9.12257988498565
14,9.751249888718617
15,11.8802235025713
16,9.664957010577607
17,11.427050465328767
18,1.1128156232815039
19,4.960672875511359
