Time (s),CPU Load (%)
0,0.0
1,17.36044626953011
2,12.261142668656156
3,11.793842987729668
4,11.331204703301673
5,13.662233012837287
6,14.348539621789863
7,11.69717164192067
8,10.378589130698586
9,10.538170280003857
10,9.45624449344396
11,9.793333891430967
12,9.911151253736497
13,11.324935725844092
14,11.463780430200677
15,8.998831301102328
16,12.594303724438593
17,10.739191057610833
18,2.256358021285288
19,3.944293610321641
