Time (s),CPU Load (%)
0,0.0
1,18.457766470582097
2,12.680728785339813
3,13.123655486545346
4,10.48789891912154
5,12.043941591577845
6,13.364776688927734
7,12.853991778805376
8,11.926706882187222
9,13.186604989009599
10,9.873035065374575
11,11.162885256864312
12,9.187034266630775
13,10.873336999753688
14,9.018596739667965
15,10.735042840527324
16,9.26194390184969
17,10.696717003432468
18,3.8576445120954044
19,4.929615672899981
