Time (s),CPU Load (%)
0,0.0
1,18.87208305674754
2,13.826471035174336
3,10.985932998992558
4,11.684557745738758
5,11.605063997263757
6,11.90095060064825
7,13.641941022399326
8,10.16870524419648
9,11.614100273905876
10,11.480878221101547
11,12.765568516294964
12,9.078287936882036
13,8.406985690915677
14,9.220632782174462
15,9.980492397319273
16,9.429420858978801
17,9.174562268371023
18,3.359689777407057
19,5.0620538180246015
