Time (s),CPU Load (%)
0,0.0
1,16.756879275328384
2,14.341265054061443
3,12.697662191189977
4,10.311623204098941
5,11.300845136673397
6,13.661557777318107
7,11.989007319733256
8,12.577072821268347
9,12.954469813471801
10,9.233042727744072
11,10.908320511650942
12,12.07141281522336
13,10.112462524805036
14,8.926904566436443
15,9.615613113084622
16,12.410407378869062
17,10.314925801059326
18,1.5740087493501504
19,5.4682084740048635
20,10.771659884075303
