Time (s),CPU Load (%)
0,0.0
1,18.98527882800945
2,15.739999717354898
3,12.541098147787284
4,11.17125035237992
5,14.00315583372551
6,11.887848561824626
7,12.415856281881544
8,10.708251584305314
9,13.12591519713336
10,10.856682534096251
11,12.673369289380064
12,10.825029878983413
13,8.815199257454964
14,8.589179198536398
15,8.981301419574915
16,10.324058436488713
17,11.114718804071238
18,0.9626057724581275
19,6.3458303583365545
