Time (s),CPU Load (%)
0,0.0
1,11.209575743867882
2,10.996395421598695
3,11.42368686851017
4,9.637172452238472
5,7.97113051887255
6,9.218876279543219
7,10.719411509210108
8,7.892411561987856
