Time (s),CPU Load (%)
0,0.0
1,11.193723377527181
2,10.57795795427218
3,9.931505175815616
4,10.812837115797011
5,10.60304514843875
6,10.651109282528484
7,9.760917742204136
8,6.558874719108795
