Time (s),CPU Load (%)
0,0.0
1,13.319504636582167
2,11.497832333999382
3,10.836498245123558
4,10.816185286236461
5,9.512635854846007
6,9.604909686723758
7,9.473067653291317
8,7.441761604057032
