Time (s),CPU Load (%)
0,0.0
1,11.656614866863624
2,11.966152782049688
3,9.658740684433505
4,9.80973380527573
5,10.247036191865252
6,11.9294950253557
7,9.077390640370552
8,7.0700078807399995
