Time (s),CPU Load (%)
0,0.0
1,11.218102761593721
2,10.331568235744685
3,10.396060965157707
4,8.955824579140847
5,7.883266880065608
6,11.723998519215176
7,9.005957954212793
8,7.957596120426411
