Time (s),CPU Load (%)
0,0.0
1,12.82911608758419
2,11.365683582688012
3,8.785831631019434
4,10.736546212921375
5,10.718365491518917
6,9.5627221712577
7,10.400178765832045
8,5.273964769595963
9,8.974744333455428
