Time (s),CPU Load (%)
0,0.0
1,12.995717809805159
2,9.605513549052535
3,9.664315218899713
4,10.971150925324501
5,10.264113507968878
6,11.607166446422152
7,9.894979976100611
8,7.443469715713562
