Time (s),CPU Load (%)
0,0.0
1,10.819424957127296
2,11.313756334263653
3,10.518169523727433
4,11.531459772110733
5,10.26557186323438
6,11.974391868195033
7,9.884977762108115
8,5.3271742490485385
