Time (s),CPU Load (%)
0,0.0
1,12.353516987702486
2,11.850719714379231
3,11.530120203704787
4,9.621573408895214
5,10.403297122506922
6,9.21550086960064
7,9.71159382508039
8,5.8722773469176754
